PDB structures complexed with Ligands of Interest (LOI)	Release Date	LOI ID	LOI Molecular Weight	LOI InCHI Key
6LU7	2020-02-05	NA	NA	NA
6VSB	2020-02-26	NA	NA	NA
6LVN	2020-02-26	NA	NA	NA
6LXT	2020-02-26	NA	NA	NA
6VW1	2020-03-04	NAG	221.208	OVRNDRQMDRJTHS-FMDGEEDCSA-N
6VW1	2020-03-04	BMA	180.156	WQZGKKKJIJFFOK-RWOPYEJCSA-N
6VWW	2020-03-04	NA	NA	NA
6VXS	2020-03-04	NA	NA	NA
6Y2E	2020-03-04	NA	NA	NA
6Y2F	2020-03-04	O6K	595.687	FRACPXUHUTXLCX-BELIEFIBSA-N
6Y2G	2020-03-04	O6K	595.687	FRACPXUHUTXLCX-BELIEFIBSA-N
6VXX	2020-03-11	NAG	221.208	OVRNDRQMDRJTHS-FMDGEEDCSA-N
6VYB	2020-03-11	NA	NA	NA
6VYO	2020-03-11	NA	NA	NA
6W02	2020-03-11	APR	559.316	SRNWOUGRCWSEMX-KEOHHSTQSA-N
6W01	2020-03-11	NA	NA	NA
5R7Y	2020-03-11	JFM	199.27	JGDDFCYMSLNOGJ-UHFFFAOYSA-N
5R7Z	2020-03-11	HWH	220.243	UDLASALUJLTGJV-UHFFFAOYSA-N
5R80	2020-03-11	RZG	215.226	XLOVNJUCAFIANM-UHFFFAOYSA-N
5R81	2020-03-11	RZJ	226.295	OUJFDUTZTPBMDN-UHFFFAOYSA-N
5R82	2020-03-11	RZS	147.177	MVJDUNKELBBNKM-UHFFFAOYSA-N
5R83	2020-03-11	K0G	213.235	WBKYYDBHEGTTON-UHFFFAOYSA-N
5R84	2020-03-11	GWS	218.295	SIURWXONEBYXJD-UHFFFAOYSA-N
6Y84	2020-03-11	NA	NA	NA
6M03	2020-03-11	NA	NA	NA
6M17	2020-03-11	NA	NA	NA
6W4B	2020-03-18	NA	NA	NA
6W4H	2020-03-18	SAM	398.437	MEFKEPWMEQBLKI-FCKMPRQPSA-N
6W4H	2020-03-18	ZN	65.409	PTFCDOFLOPIGGS-UHFFFAOYSA-N
6LZG	2020-03-18	NAG	221.208	OVRNDRQMDRJTHS-FMDGEEDCSA-N
6M0J	2020-03-18	NA	NA	NA
6M3M	2020-03-18	NA	NA	NA
6W41	2020-03-25	NA	NA	NA
6W61	2020-03-25	SAM	398.437	MEFKEPWMEQBLKI-FCKMPRQPSA-N
6W63	2020-03-25	X77	459.583	MUNFBYOTGGMQOS-XMMPIXPASA-N
6W6Y	2020-03-25	AMP	347.221	UDMBCSSLTHHNCD-KQYNXXCUSA-N
6W75	2020-03-25	ZN	65.409	PTFCDOFLOPIGGS-UHFFFAOYSA-N
6W75	2020-03-25	SAM	398.437	MEFKEPWMEQBLKI-FCKMPRQPSA-N
5RE4	2020-03-25	SZY	150.178	WRPYDRDMRXJIJA-UHFFFAOYSA-N
5RE5	2020-03-25	T0J	247.293	OSBGPHZLIBZPGJ-UHFFFAOYSA-N
5RE6	2020-03-25	O0S	229.235	DXVKZDBYLFVMFB-UHFFFAOYSA-N
5RE7	2020-03-25	T0S	228.268	AHQONKCJXWTTOW-UHFFFAOYSA-N
5RE8	2020-03-25	T0V	205.228	AFHNQIFVWMDQAM-UHFFFAOYSA-N
5RE9	2020-03-25	LPZ	249.329	GIIIJZOPGUFGBF-UHFFFAOYSA-O
5REA	2020-03-25	JGP	247.29	ABPXISKFLMGPJG-UHFFFAOYSA-N
5REB	2020-03-25	T0Y	197.297	JQJVNJKLFUBEBG-UHFFFAOYSA-N
5REC	2020-03-25	T1J	239.273	OCDMDLRMBVJKCG-UHFFFAOYSA-N
5RED	2020-03-25	JJG	223.334	QDTNFZGZGSMNCU-UHFFFAOYSA-N
5REE	2020-03-25	T1M	205.296	ZFJGRVQFTNBLRP-YPMHNXCESA-N
5REF	2020-03-25	6SU	229.253	UQIOKJVVJMHUTP-UHFFFAOYSA-N
5REG	2020-03-25	LWA	234.251	FSZYBIFIACXSAG-JTQLQIEISA-N
5REH	2020-03-25	AWP	247.336	XUPGANVQJLTRNJ-UHFFFAOYSA-N
5REI	2020-03-25	T1S	211.688	NWMZWMSJQLEJTG-UHFFFAOYSA-N
5REJ	2020-03-25	T1V	274.36	YYXLVWKAHWXWTR-UHFFFAOYSA-N
5REK	2020-03-25	T1Y	286.323	XHJTYTNVOUGFFA-UHFFFAOYSA-N
5REL	2020-03-25	T2G	232.321	CMCBVCKQOHOWJO-UHFFFAOYSA-N
5REM	2020-03-25	T2J	249.266	LEDSXFUCNNKEDB-UHFFFAOYSA-N
5REN	2020-03-25	T2V	260.355	VRHLKEQAZUIMQF-LLVKDONJSA-N
5REO	2020-03-25	T2Y	193.199	YFWYIWVJRPDXQD-UHFFFAOYSA-N
5REP	2020-03-25	T3G	304.313	IQKBRWMUAKOXSG-UHFFFAOYSA-N
5RER	2020-03-25	T3J	223.243	HUEBTMPZBSOCPP-LBPRGKRZSA-N
5RES	2020-03-25	T3V	286.323	IMFVSIUUYBHKNQ-UHFFFAOYSA-N
5RET	2020-03-25	T47	252.74	OACABXAYQRNFDV-UHFFFAOYSA-N
5REU	2020-03-25	T4D	293.342	GOCXXCRVJCAULM-UHFFFAOYSA-N
5REV	2020-03-25	T4J	264.343	GUMMRKWNILQOGK-UHFFFAOYSA-N
5REW	2020-03-25	T4M	213.275	RFWQKLFRYNTMOB-SNVBAGLBSA-N
5REX	2020-03-25	T4V	268.354	OCMXSYZDVBVSSV-UHFFFAOYSA-N
5REY	2020-03-25	T4Y	246.348	ADMDDIGRGVTLSU-UHFFFAOYSA-N
5REZ	2020-03-25	T54	195.281	GQGCCJATUDDTKK-RKDXNWHRSA-N
5RF0	2020-03-25	T5D	177.243	NQXVUFAYASZGFN-UHFFFAOYSA-N
5RF1	2020-03-25	T5G	236.086	STYQHICBPYRHQK-UHFFFAOYSA-N
5RF2	2020-03-25	HVB	73.117	GNFWGDKKNWGGJY-UHFFFAOYSA-O
5RF3	2020-03-25	T5V	95.103	FVLAYJRLBLHIPV-UHFFFAOYSA-N
5RF4	2020-03-25	T5Y	95.099	UBQKCCHYAOITMY-UHFFFAOYSA-N
5RF5	2020-03-25	HV2	122.143	CIUZABLJPXPIFC-UHFFFAOYSA-N
5RF6	2020-03-25	NTG	203.24	QPJKHSFVBDONPD-UHFFFAOYSA-N
5RF7	2020-03-25	T67	258.319	XAAUHRXDRLNFFL-UHFFFAOYSA-N
5RF8	2020-03-25	SFY	249.289	GECHUMIMRBOMGK-UHFFFAOYSA-N
5RF9	2020-03-25	S7D	209.245	YJMLTHJLDUBVIC-VIFPVBQESA-N
5RFA	2020-03-25	JGY	209.245	WBAZBPMBDLSPCX-QMMMGPOBSA-N
5RFB	2020-03-25	K3S	140.186	LOLVREZTZUWBEQ-UHFFFAOYSA-N
5RFC	2020-03-25	K1Y	248.301	WVXKXRCDQRXTDH-UHFFFAOYSA-N
5RFD	2020-03-25	T6J	210.253	WCWTYTQSZZWNEW-UHFFFAOYSA-N
5RFE	2020-03-25	JGG	245.277	ZXWAHHRBFVCEAR-UHFFFAOYSA-N
5RFF	2020-03-25	T6M	302.777	VTRBWFKJTCGLDP-UHFFFAOYSA-N
5RFG	2020-03-25	T6V	251.302	KBIYZUQDVPCCPL-LBPRGKRZSA-N
5RFH	2020-03-25	T6Y	258.768	KIKCPJKIAGFHCO-UHFFFAOYSA-N
5RFI	2020-03-25	T71	296.385	ISTPGRLEOGSGGV-UHFFFAOYSA-N
5RFJ	2020-03-25	T7A	222.264	AQDZPXNDPBKKSZ-UHFFFAOYSA-N
5RFK	2020-03-25	T7D	246.305	KFVWQRVNMHXHKB-UHFFFAOYSA-N
5RFL	2020-03-25	T7G	262.304	YKBMCZDLJSTFOC-UHFFFAOYSA-N
5RFM	2020-03-25	T7J	265.328	PPKLPLWDJXRWSL-CYBMUJFWSA-N
5RFN	2020-03-25	T7P	269.292	ZNQRDHIQBZKZBG-GFCCVEGCSA-N
5RFO	2020-03-25	T7S	238.326	VFXWKIZCOQQJGS-UHFFFAOYSA-N
5RFP	2020-03-25	T7V	197.661	XDFGWKFEFHPPQO-ZETCQYMHSA-N
5RFQ	2020-03-25	T7Y	218.252	CNXMKORZVSCVGQ-UHFFFAOYSA-N
5RFR	2020-03-25	T81	303.219	DJIREERJIYHRHW-UHFFFAOYSA-N
5RFS	2020-03-25	T84	224.323	GHWOPOKXTBUQPP-UHFFFAOYSA-N
5RFT	2020-03-25	T8A	251.323	SORYMMAUHZPBJM-KRWDZBQOSA-N
5RFU	2020-03-25	T8D	308.805	LFGOPTUHDODAIB-UHFFFAOYSA-N
5RFV	2020-03-25	T8J	238.306	VSORHSQQVYIMDG-UHFFFAOYSA-N
5RFW	2020-03-25	T8M	224.323	PEHVQKQLQOREKN-UHFFFAOYSA-N
5RFX	2020-03-25	T8P	234.294	AVCQLYXAEKNILW-UHFFFAOYSA-N
5RFY	2020-03-25	T8S	226.315	CELKOAKJTFSHIV-UHFFFAOYSA-N
5RFZ	2020-03-25	T8V	170.596	KWZIDENWDCKKPW-UHFFFAOYSA-N
5RG0	2020-03-25	T8Y	170.209	NBQBICYRKOTWRR-UHFFFAOYSA-N
6YB7	2020-03-25	NA	NA	NA
6W9C	2020-04-01	NA	NA	NA
5R8T	2020-04-01	NA	NA	NA
6M71	2020-04-01	NA	NA	NA
